{"cameraMode":{"drawMode":0,"name":"Shaded","section":"Shading Mode"},"sceneLighting":false,"audioPlay":false,"sceneViewState":{"showFog":true,"showMaterialUpdate":false,"showSkybox":true,"showFlares":true,"showImageEffects":true,"showParticleSystems":true},"in2DMode":false,"pivot":{"x":-244.07142639160157,"y":7.037878036499023,"z":230.46714782714845},"rotation":{"x":0.14997810125350953,"y":0.0287613607943058,"z":-0.004364879336208105,"w":0.9882612824440002},"size":56.22276306152344,"orthographic":false}